{"cameraMode":{"drawMode":0,"name":"Shaded","section":"Shading Mode"},"sceneLighting":false,"audioPlay":false,"sceneViewState":{"m_AlwaysRefresh":true,"showFog":true,"showSkybox":false,"showFlares":true,"showImageEffects":true,"showParticleSystems":true,"showVisualEffectGraphs":true,"m_FxEnabled":true},"in2DMode":false,"pivot":{"x":-48.722957611083987,"y":14.224352836608887,"z":16.719636917114259},"rotation":{"x":-0.07880263030529022,"y":-0.30661043524742129,"z":0.02518634684383869,"w":-0.9484079480171204},"size":4.466084957122803,"orthographic":false}