{"cameraMode":{"drawMode":0,"name":"Shaded","section":"Shading Mode"},"sceneLighting":true,"audioPlay":false,"sceneViewState":{"m_AlwaysRefresh":true,"showFog":true,"showSkybox":true,"showFlares":true,"showImageEffects":true,"showParticleSystems":true,"showVisualEffectGraphs":true,"m_FxEnabled":true},"in2DMode":false,"pivot":{"x":-2.5782155990600588,"y":-0.5196760892868042,"z":-18.16922378540039},"rotation":{"x":-0.03991022706031799,"y":0.7941790819168091,"z":-0.05290981009602547,"w":-0.6043383479118347},"size":2.9129419326782228,"orthographic":false}