{"cameraMode":{"drawMode":0,"name":"Shaded","section":"Shading Mode"},"sceneLighting":true,"audioPlay":false,"sceneViewState":{"m_AlwaysRefresh":true,"showFog":true,"showSkybox":true,"showFlares":true,"showImageEffects":true,"showParticleSystems":true,"showVisualEffectGraphs":true,"m_FxEnabled":true},"in2DMode":false,"pivot":{"x":11.082441329956055,"y":11.926870346069336,"z":24.31482696533203},"rotation":{"x":-0.02573411911725998,"y":0.9695307612419128,"z":-0.21611574292182923,"w":-0.11583017557859421},"size":0.7125174403190613,"orthographic":false}