{"cameraMode":{"drawMode":0,"name":"Shaded","section":"Shading Mode"},"sceneLighting":true,"audioPlay":false,"sceneViewState":{"m_AlwaysRefresh":true,"showFog":true,"showSkybox":true,"showFlares":true,"showImageEffects":true,"showParticleSystems":true,"showVisualEffectGraphs":true,"m_FxEnabled":true},"in2DMode":false,"pivot":{"x":-35.25754928588867,"y":1.7197574377059937,"z":27.253063201904298},"rotation":{"x":-0.06614034622907639,"y":0.4676280617713928,"z":-0.03591492772102356,"w":-0.8809950351715088},"size":1.3501975536346436,"orthographic":false}