{"cameraMode":{"drawMode":0,"name":"Shaded","section":"Shading Mode"},"sceneLighting":true,"audioPlay":false,"sceneViewState":{"m_AlwaysRefresh":true,"showFog":true,"showSkybox":true,"showFlares":true,"showImageEffects":true,"showParticleSystems":true,"showVisualEffectGraphs":true,"m_FxEnabled":true},"in2DMode":false,"pivot":{"x":1226.008056640625,"y":488.9386291503906,"z":-1316.2215576171875},"rotation":{"x":-0.09409168362617493,"y":0.01719544269144535,"z":0.00059356982819736,"w":0.9958299994468689},"size":81.39410400390625,"orthographic":false}